month,marketing_spend,new_customers,revenue,churn_rate_pct,customer_satisfaction
2023-01,40003,78,289095,4,82.8
2023-02,41547,78,349007,4.6,83.7
2023-03,40915,56,342958,3.5,87.3
2023-04,40174,72,324612,3.5,85.8
2023-05,42063,80,361267,4.4,83.1
2023-06,41521,81,384804,4.2,83
2023-07,44950,73,386791,4.6,83.3
2023-08,48951,90,416609,5,88
2023-09,45169,78,418869,4.2,82.9
2023-10,45649,81,446343,4.3,83.2
2023-11,49225,104,474455,4.4,84.9
2023-12,49692,88,453514,4.7,83.7
2024-01,49864,96,483453,4.4,83.5
2024-02,48074,100,487124,4.6,81.1
2024-03,51127,93,512164,4.7,84
2024-04,53738,102,504818,4.8,82.8
2024-05,49439,96,530152,3.8,87
2024-06,52456,101,551665,4.3,85.7
2024-07,49647,84,585279,4.5,83.9
2024-08,51976,101,604469,3.9,85.7
2024-09,51396,111,577500,4.6,83.1
2024-10,56212,94,601491,3.9,86.7
2024-11,54431,112,640997,4.8,84
2024-12,59078,115,611129,4.4,85.5
